{
"shell-version": [
    "3.36",
    "3.38"
],
"uuid": "dash-to-dock@it-und-entwicklung-fg.de",
"name": "IT und Entwicklung - FG Dock",
"description": "A dock for the Gnome Shell. This extension moves the dash out of the overview transforming it in a dock for an easier launching of applications and a faster switching between windows and desktops. Side and bottom placement options are available.",
"original-author": "micxgx@gmail.com",
"url": "https://micheleg.github.io/dash-to-dock/",
"gettext-domain": "dashtodock",
"version": 69
}
